{
            "if": {
                "allOf": [
                    {
                        "field": "type",
                        "equals": "Microsoft.Compute/availabilitySets"
                    },
                    {
                        "count": {
                            "field": "Microsoft.Compute/availabilitySets/virtualMachines[*]"
                        },
                        "equals": 0
                    }
                ]
            },
            "then": {
                "effect": "audit"
            }
        }